File Name,Cloudinary URL
violation_2025-04-10_11-51-15.jpg,https://res.cloudinary.com/dfclgysp0/image/upload/v1744273156/violations/a87gdcioqpsb2gni3hjg.jpg
violation_2025-04-10_11-51-01.jpg,https://res.cloudinary.com/dfclgysp0/image/upload/v1744273157/violations/byfxucd4lwmakwhpizfu.jpg
violation_2025-04-10_11-50-57.jpg,https://res.cloudinary.com/dfclgysp0/image/upload/v1744273157/violations/yuwbwc7cpcqdrbaumfkw.jpg
violation_2025-04-10_11-51-30.jpg,https://res.cloudinary.com/dfclgysp0/image/upload/v1744273157/violations/m36ugkovgwt8fuyty0gn.jpg
violation_2025-04-10_11-50-59.jpg,https://res.cloudinary.com/dfclgysp0/image/upload/v1744273157/violations/wwwzgdiotoorrng4adru.jpg
violation_2025-04-10_11-51-26.jpg,https://res.cloudinary.com/dfclgysp0/image/upload/v1744273157/violations/la126oltxshp4bwsqrft.jpg
violation_2025-04-10_11-51-21.jpg,https://res.cloudinary.com/dfclgysp0/image/upload/v1744273158/violations/d2avjkxzgwk5amr0hqra.jpg
violation_2025-04-10_11-51-41.jpg,https://res.cloudinary.com/dfclgysp0/image/upload/v1744273157/violations/kih9gz26j43mx4bvk0ly.jpg
violation_2025-04-10_11-51-04.jpg,https://res.cloudinary.com/dfclgysp0/image/upload/v1744273158/violations/tckrgztbdm72wv0zq7ov.jpg
violation_2025-04-10_11-51-48.jpg,https://res.cloudinary.com/dfclgysp0/image/upload/v1744273158/violations/sslyr4lz2ynt2ambyzk8.jpg
violation_2025-03-10_11-51-10.jpg,https://res.cloudinary.com/dfclgysp0/image/upload/v1744273158/violations/xppwonxzvngqwg4xpspf.jpg
violation_2025-03-10_11-51-36.jpg,https://res.cloudinary.com/dfclgysp0/image/upload/v1744273158/violations/bzjrq0tpqq64h0r4kquk.jpg
